date,reddit_sentiment,news_sentiment,market_change,volume,interaction_score
2025-01-01,0.09986920194175254,0.2703836709174664,-0.011011601536212876,3040,136
2025-01-02,0.244374647646887,-0.14475136845478867,-0.06647356481666263,3028,275
2025-01-03,1.0,0.1823617332167906,0.17857424202341587,6624,347
2025-01-04,-0.4332819767818235,0.12417837764638523,0.02482402912327015,7536,480
2025-01-05,0.08600677912901833,-0.15392714593779014,-0.03934095547788491,6834,429
2025-01-06,0.3124391745651727,0.23856846808783294,0.2051215112282379,6311,323
2025-01-07,0.2474975114420019,0.02085975206934758,0.08082790802543699,2969,126
2025-01-08,0.10665446639252703,-0.0001652604520137324,0.1194871806514823,1926,360
2025-01-09,0.18590529707193867,0.22934604589734597,0.07723916042694193,1691,269
2025-01-10,0.292113053086671,-0.3732670632110653,0.05672489216952381,9495,274
2025-01-11,0.2633066022368816,0.20305440878366068,-0.016173708666082642,4086,323
2025-01-12,-0.04265636612373694,0.1287198615723089,-0.07905954260567573,4781,263
2025-01-13,0.3335543841308457,-0.02758652394443689,0.09196399852501996,7104,458
2025-01-14,0.12045837983483239,-0.0513572958477618,0.04634681240900821,1331,283
2025-01-15,0.46338430993156127,0.28126106266274853,-0.11735032286700812,6118,94
2025-01-16,0.3031598981434116,0.49272457894473853,-0.06278542889022876,9248,471
2025-01-17,-0.41984561148719873,0.26533184716688507,0.18620039125572369,2630,306
2025-01-18,0.2500936513159152,0.06956342588022169,-0.050444193401946794,5994,427
2025-01-19,0.3353052694689328,0.24438513715281499,0.13164095918014174,9190,284
2025-01-20,0.33411245290931524,-0.019590509060729677,-0.1244217731975593,1450,346
2025-01-21,0.05261825694692243,0.31289428468775704,0.10311552427334086,1555,200
2025-01-22,0.05516734527682726,-0.21583995244055063,0.11877096195627083,4106,269
2025-01-23,-0.36816913588174555,-0.1304166640023445,0.03614795521603272,6935,413
2025-01-24,0.017776174067382244,0.4163641910189846,0.31574945032182894,5924,305
2025-01-25,0.8616554024473142,-0.13292216130703927,0.03431478183288278,6531,227
2025-01-26,0.0309238602326794,0.4380002890002189,0.08849791077446036,3828,431
2025-01-27,0.09903360877965826,0.09614848558401017,0.15909590503325902,8571,492
2025-01-28,0.0910290435985877,0.05869302259189105,0.1854539009258761,3115,426
2025-01-29,0.13487644337746182,0.17872714813491608,0.09954545582741177,6975,464
2025-01-30,0.4759185068461327,-0.0076705208390802915,0.11437553653478832,8396,88
2025-01-31,0.09047424770263476,0.04497117782383362,0.14416916278717334,2332,86
2025-02-01,0.11395935015677648,-0.19898294636397787,-0.19483213716412323,7414,455
2025-02-02,0.5407096207507232,0.09246539460274839,0.12804201953663635,1387,341
2025-02-03,0.548511550317274,0.17001215091595728,-0.036754934081934795,9481,416
2025-02-04,0.5996251017692541,0.26118568531477093,-0.025890290250070655,8476,225
2025-02-05,0.528132705341114,0.2259639783997832,0.2007264100237815,1145,219
2025-02-06,0.6293904373562379,-0.18113727488157452,0.06328692126054598,8475,202
2025-02-07,0.18304132117763505,0.14274013102641872,0.027970718362633294,1595,479
2025-02-08,0.6308525324487633,-0.11724042473362789,0.010283774482194245,3384,98
2025-02-09,0.001977966786401303,-0.017835585902635565,0.05586603483597314,4734,249
2025-02-10,0.03279217101521181,0.18977685949882978,0.21638654844221644,5134,292
2025-02-11,0.04609828996829474,-0.1252686794575229,-0.006947734896830683,2235,89
2025-02-12,0.10884341828076818,0.1252837575331972,0.14222232257199535,1853,100
2025-02-13,0.5083534322139245,0.006717837324749468,-0.05147397103930658,9930,111
2025-02-14,1.0,-0.004431830527654876,0.051175122135437026,2524,407
2025-02-15,0.04368787359868939,0.3301598849447184,0.13132306254066667,1682,423
2025-02-16,0.3973926550749701,0.17851599171648333,0.06357588499474931,7202,474
2025-02-17,0.5029960046871389,-0.006525906102610501,0.1076374144718508,3562,396
2025-02-18,0.08377297262629335,0.053092835514248364,0.18211415936546932,5820,214
2025-02-19,0.10273352156232449,-0.00494945252959203,0.07251307373376703,3891,300
2025-02-20,0.45734296001421404,0.1502150122730147,-0.14958926888964846,6889,252
